Entity,Code,Year,World Happiness Report 2016 (Cantril Ladder (0=worst; 10=best))
Afghanistan,AFG,2008,3.7235899
Afghanistan,AFG,2009,4.4017782
Afghanistan,AFG,2010,4.7583809
Afghanistan,AFG,2011,3.8317192
Afghanistan,AFG,2012,3.7829375
Afghanistan,AFG,2013,3.5721004
Afghanistan,AFG,2014,3.1308956
Afghanistan,AFG,2015,3.9828546
Afghanistan,AFG,2016,4.2201686
Afghanistan,AFG,2017,2.6617181
Albania,ALB,2007,4.6342516
Albania,ALB,2009,5.4854698
Albania,ALB,2010,5.2689366
Albania,ALB,2011,5.8674216
Albania,ALB,2012,5.5101242
Albania,ALB,2013,4.5506477
Albania,ALB,2014,4.8137631
Albania,ALB,2015,4.6066508
Albania,ALB,2016,4.5111008
Albania,ALB,2017,4.6395483
Algeria,DZA,2010,5.4635668
Algeria,DZA,2011,5.3171945
Algeria,DZA,2012,5.6045957
Algeria,DZA,2014,6.3548985
Algeria,DZA,2016,5.3881707
Algeria,DZA,2017,5.2489123
Angola,AGO,2011,5.5890007
Angola,AGO,2012,4.36025
Angola,AGO,2013,3.9371068
Angola,AGO,2014,3.794838
Argentina,ARG,2006,6.3129253
Argentina,ARG,2007,6.0731583
Argentina,ARG,2008,5.9610343
Argentina,ARG,2009,6.4241333
Argentina,ARG,2010,6.4410672
Argentina,ARG,2011,6.7758055
Argentina,ARG,2012,6.4683871
Argentina,ARG,2013,6.5822601
Argentina,ARG,2014,6.6711144
Argentina,ARG,2015,6.6971307
Argentina,ARG,2016,6.4272213
Argentina,ARG,2017,6.03933
Armenia,ARM,2006,4.2893109
Armenia,ARM,2007,4.8815155
Armenia,ARM,2008,4.6519723
Armenia,ARM,2009,4.1775818
Armenia,ARM,2010,4.3678112
Armenia,ARM,2011,4.2604914
Armenia,ARM,2012,4.3197117
Armenia,ARM,2013,4.2771912
Armenia,ARM,2014,4.453083
Armenia,ARM,2015,4.3483195
Armenia,ARM,2016,4.3254719
Armenia,ARM,2017,4.2877364
Australia,AUS,2005,7.3406882
Australia,AUS,2007,7.2853909
Australia,AUS,2008,7.2537575
Australia,AUS,2010,7.450047
Australia,AUS,2011,7.4056163
Australia,AUS,2012,7.1955857
Australia,AUS,2013,7.3641691
Australia,AUS,2014,7.2885504
Australia,AUS,2015,7.3090606
Australia,AUS,2016,7.2500801
Australia,AUS,2017,7.2570376
Austria,AUT,2006,7.1222115
Austria,AUT,2008,7.180954
Austria,AUT,2010,7.3026786
Austria,AUT,2011,7.4705129
Austria,AUT,2012,7.4006886
Austria,AUT,2013,7.4988027
Austria,AUT,2014,6.9499998
Austria,AUT,2015,7.076447
Austria,AUT,2016,7.0480719
Austria,AUT,2017,7.2937279
Azerbaijan,AZE,2006,4.7278709
Azerbaijan,AZE,2007,4.5681596
Azerbaijan,AZE,2008,4.8171892
Azerbaijan,AZE,2009,4.5737252
Azerbaijan,AZE,2010,4.2186108
Azerbaijan,AZE,2011,4.6804695
Azerbaijan,AZE,2012,4.9107718
Azerbaijan,AZE,2013,5.4811783
Azerbaijan,AZE,2014,5.2515302
Azerbaijan,AZE,2015,5.1467748
Azerbaijan,AZE,2016,5.303895
Azerbaijan,AZE,2017,5.1522794
Bahrain,BHR,2009,5.7005234
Bahrain,BHR,2010,5.9368691
Bahrain,BHR,2011,4.823976
Bahrain,BHR,2012,5.0271869
Bahrain,BHR,2013,6.6897111
Bahrain,BHR,2014,6.165134
Bahrain,BHR,2015,6.0073752
Bahrain,BHR,2016,6.1696734
Bahrain,BHR,2017,6.2273207
Bangladesh,BGD,2006,4.3189092
Bangladesh,BGD,2007,4.6073222
Bangladesh,BGD,2008,5.0522785
Bangladesh,BGD,2009,5.0828514
Bangladesh,BGD,2010,4.8584814
Bangladesh,BGD,2011,4.9856491
Bangladesh,BGD,2012,4.7244439
Bangladesh,BGD,2013,4.660161
Bangladesh,BGD,2014,4.6355648
Bangladesh,BGD,2015,4.6334739
Bangladesh,BGD,2016,4.5561409
Bangladesh,BGD,2017,4.3097711
Belarus,BLR,2006,5.65765
Belarus,BLR,2007,5.6169763
Belarus,BLR,2008,5.4633322
Belarus,BLR,2009,5.5641313
Belarus,BLR,2010,5.5259233
Belarus,BLR,2011,5.2253079
Belarus,BLR,2012,5.7490435
Belarus,BLR,2013,5.8764663
Belarus,BLR,2014,5.8124008
Belarus,BLR,2015,5.7189078
Belarus,BLR,2016,5.1778994
Belarus,BLR,2017,5.5529151
Belgium,BEL,2005,7.2622905
Belgium,BEL,2007,7.2188396
Belgium,BEL,2008,7.116591
Belgium,BEL,2010,6.8535142
Belgium,BEL,2011,7.1113639
Belgium,BEL,2012,6.935122
Belgium,BEL,2013,7.1036611
Belgium,BEL,2014,6.855329
Belgium,BEL,2015,6.9042192
Belgium,BEL,2016,6.9489365
Belgium,BEL,2017,6.9283476
Belize,BLZ,2007,6.4506445
Belize,BLZ,2014,5.9556465
Benin,BEN,2006,3.3298016
Benin,BEN,2008,3.6671395
Benin,BEN,2011,3.8702796
Benin,BEN,2012,3.1934688
Benin,BEN,2013,3.4794128
Benin,BEN,2014,3.3474193
Benin,BEN,2015,3.6246643
Benin,BEN,2016,4.0073576
Benin,BEN,2017,4.8531809
Bhutan,BTN,2013,5.5690918
Bhutan,BTN,2014,4.9385781
Bhutan,BTN,2015,5.0821285
Bolivia,BOL,2006,5.3739862
Bolivia,BOL,2007,5.6284194
Bolivia,BOL,2008,5.2978725
Bolivia,BOL,2009,6.0855794
Bolivia,BOL,2010,5.7806201
Bolivia,BOL,2011,5.7788744
Bolivia,BOL,2012,6.0188947
Bolivia,BOL,2013,5.7674289
Bolivia,BOL,2014,5.8647985
Bolivia,BOL,2015,5.8343291
Bolivia,BOL,2016,5.7697234
Bolivia,BOL,2017,5.6505527
Bosnia and Herzegovina,BIH,2007,4.899807
Bosnia and Herzegovina,BIH,2009,4.9634771
Bosnia and Herzegovina,BIH,2010,4.6685176
Bosnia and Herzegovina,BIH,2011,4.9946709
Bosnia and Herzegovina,BIH,2012,4.7731447
Bosnia and Herzegovina,BIH,2013,5.1236644
Bosnia and Herzegovina,BIH,2014,5.2489543
Bosnia and Herzegovina,BIH,2015,5.117178
Bosnia and Herzegovina,BIH,2016,5.1808653
Bosnia and Herzegovina,BIH,2017,5.0899024
Botswana,BWA,2006,4.739367
Botswana,BWA,2008,5.4511471
Botswana,BWA,2010,3.5530202
Botswana,BWA,2011,3.5199211
Botswana,BWA,2012,4.8359389
Botswana,BWA,2013,4.1282988
Botswana,BWA,2014,4.0311971
Botswana,BWA,2015,3.7619648
Botswana,BWA,2016,3.4989367
Botswana,BWA,2017,3.5048811
Brazil,BRA,2005,6.6367712
Brazil,BRA,2007,6.320673
Brazil,BRA,2008,6.6914248
Brazil,BRA,2009,7.0008316
Brazil,BRA,2010,6.8373313
Brazil,BRA,2011,7.0378165
Brazil,BRA,2012,6.6600037
Brazil,BRA,2013,7.1402826
Brazil,BRA,2014,6.980999
Brazil,BRA,2015,6.5468969
Brazil,BRA,2016,6.3748174
Brazil,BRA,2017,6.3329291
Bulgaria,BGR,2007,3.8437979
Bulgaria,BGR,2010,3.9122763
Bulgaria,BGR,2011,3.8753824
Bulgaria,BGR,2012,4.2222972
Bulgaria,BGR,2013,3.9930205
Bulgaria,BGR,2014,4.4384398
Bulgaria,BGR,2015,4.8654013
Bulgaria,BGR,2016,4.8375607
Bulgaria,BGR,2017,5.0969019
Burkina Faso,BFA,2006,3.8014908
Burkina Faso,BFA,2007,4.0171304
Burkina Faso,BFA,2008,3.8464389
Burkina Faso,BFA,2010,4.0355606
Burkina Faso,BFA,2011,4.7853675
Burkina Faso,BFA,2012,3.955008
Burkina Faso,BFA,2013,3.3259497
Burkina Faso,BFA,2014,3.4813478
Burkina Faso,BFA,2015,4.4189301
Burkina Faso,BFA,2016,4.2056346
Burkina Faso,BFA,2017,4.6468911
Burundi,BDI,2008,3.5632277
Burundi,BDI,2009,3.7916808
Burundi,BDI,2011,3.7058942
Burundi,BDI,2014,2.9045351
Cambodia,KHM,2006,3.5687447
Cambodia,KHM,2007,4.1559711
Cambodia,KHM,2008,4.4621639
Cambodia,KHM,2009,4.1106257
Cambodia,KHM,2010,4.1410723
Cambodia,KHM,2011,4.1612253
Cambodia,KHM,2012,3.8987069
Cambodia,KHM,2013,3.6744668
Cambodia,KHM,2014,3.8833055
Cambodia,KHM,2015,4.1621647
Cambodia,KHM,2016,4.4612594
Cambodia,KHM,2017,4.5858421
Cameroon,CMR,2006,3.8510721
Cameroon,CMR,2007,4.3499393
Cameroon,CMR,2008,4.2918005
Cameroon,CMR,2009,4.7414083
Cameroon,CMR,2010,4.5542569
Cameroon,CMR,2011,4.4338851
Cameroon,CMR,2012,4.2446342
Cameroon,CMR,2013,4.2710381
Cameroon,CMR,2014,4.2404413
Cameroon,CMR,2015,5.0379648
Cameroon,CMR,2016,4.8162322
Cameroon,CMR,2017,5.0740514
Canada,CAN,2005,7.4180484
Canada,CAN,2007,7.4817529
Canada,CAN,2008,7.4856038
Canada,CAN,2009,7.4878244
Canada,CAN,2010,7.6503463
Canada,CAN,2011,7.4260535
Canada,CAN,2012,7.4151444
Canada,CAN,2013,7.5937939
Canada,CAN,2014,7.3042579
Canada,CAN,2015,7.4127727
Canada,CAN,2016,7.2448459
Central African Republic,CAF,2007,4.1601295
Central African Republic,CAF,2010,3.5678926
Central African Republic,CAF,2011,3.6778264
Central African Republic,CAF,2016,2.6930611
Central African Republic,CAF,2017,3.475862
Chad,TCD,2006,3.4348006
Chad,TCD,2007,4.1413269
Chad,TCD,2008,4.6324682
Chad,TCD,2009,3.6394451
Chad,TCD,2010,3.742871
Chad,TCD,2011,4.3934822
Chad,TCD,2012,4.0329747
Chad,TCD,2013,3.507663
Chad,TCD,2014,3.4601829
Chad,TCD,2015,4.3226752
Chad,TCD,2016,4.0293503
Chad,TCD,2017,4.5589371
Chile,CHL,2006,6.0628519
Chile,CHL,2007,5.6979299
Chile,CHL,2008,5.7894387
Chile,CHL,2009,6.4936862
Chile,CHL,2010,6.6356559
Chile,CHL,2011,6.5263348
Chile,CHL,2012,6.5991287
Chile,CHL,2013,6.7401538
Chile,CHL,2014,6.8442383
Chile,CHL,2015,6.5327497
Chile,CHL,2016,6.5790563
Chile,CHL,2017,6.3201194
China,CHN,2006,4.5604954
China,CHN,2007,4.8628621
China,CHN,2008,4.8462949
China,CHN,2009,4.454361
China,CHN,2010,4.6527367
China,CHN,2011,5.0372076
China,CHN,2012,5.0949173
China,CHN,2013,5.2410903
China,CHN,2014,5.1956191
China,CHN,2015,5.3038778
China,CHN,2016,5.3249559
China,CHN,2017,5.0990615
Colombia,COL,2006,6.0249429
Colombia,COL,2007,6.1384115
Colombia,COL,2008,6.168395
Colombia,COL,2009,6.2716045
Colombia,COL,2010,6.4081135
Colombia,COL,2011,6.4639525
Colombia,COL,2012,6.3748798
Colombia,COL,2013,6.6065507
Colombia,COL,2014,6.4487891
Colombia,COL,2015,6.3875718
Colombia,COL,2016,6.2337151
Colombia,COL,2017,6.157342
Comoros,COM,2009,3.4760273
Comoros,COM,2010,3.812191
Comoros,COM,2011,3.838486
Comoros,COM,2012,3.9556403
Congo,COG,2008,3.8197923
Congo,COG,2011,4.5098243
Congo,COG,2012,3.9193418
Congo,COG,2013,3.9549506
Congo,COG,2014,4.0560126
Congo,COG,2015,4.6908302
Congo,COG,2016,4.1194935
Congo,COG,2017,4.8839912
Costa Rica,CRI,2006,7.0824652
Costa Rica,CRI,2007,7.4321322
Costa Rica,CRI,2008,6.8506799
Costa Rica,CRI,2009,7.6149287
Costa Rica,CRI,2010,7.2710538
Costa Rica,CRI,2011,7.2288885
Costa Rica,CRI,2012,7.2722502
Costa Rica,CRI,2013,7.1580005
Costa Rica,CRI,2014,7.247086
Costa Rica,CRI,2015,6.8540044
Costa Rica,CRI,2016,7.1356177
Costa Rica,CRI,2017,7.2251816
Cote d'Ivoire,CIV,2009,4.1971817
Cote d'Ivoire,CIV,2013,3.7393656
Cote d'Ivoire,CIV,2014,3.5703685
Cote d'Ivoire,CIV,2015,4.4450388
Cote d'Ivoire,CIV,2016,4.5425458
Cote d'Ivoire,CIV,2017,5.037735
Croatia,HRV,2007,5.8209076
Croatia,HRV,2009,5.4333196
Croatia,HRV,2010,5.5955753
Croatia,HRV,2011,5.3853726
Croatia,HRV,2012,6.0276346
Croatia,HRV,2013,5.8854628
Croatia,HRV,2014,5.3806925
Croatia,HRV,2015,5.2054381
Croatia,HRV,2017,5.3431659
Cuba,CUB,2006,5.4178686
Cyprus,CYP,2006,6.2379584
Cyprus,CYP,2009,6.8334775
Cyprus,CYP,2010,6.3865461
Cyprus,CYP,2011,6.6896086
Cyprus,CYP,2012,6.1805072
Cyprus,CYP,2013,5.4389524
Cyprus,CYP,2014,5.6271238
Cyprus,CYP,2015,5.4391613
Cyprus,CYP,2016,5.7946186
Cyprus,CYP,2017,6.0620513
Czech Republic,CZE,2005,6.4392567
Czech Republic,CZE,2007,6.5001941
Czech Republic,CZE,2010,6.2496176
Czech Republic,CZE,2011,6.331491
Czech Republic,CZE,2012,6.3341494
Czech Republic,CZE,2013,6.6976557
Czech Republic,CZE,2014,6.4837298
Czech Republic,CZE,2015,6.6080174
Czech Republic,CZE,2016,6.7356272
Czech Republic,CZE,2017,6.7895679
Democratic Republic of Congo,COD,2009,3.9838486
Democratic Republic of Congo,COD,2011,4.516964
Democratic Republic of Congo,COD,2012,4.6392274
Democratic Republic of Congo,COD,2013,4.4974771
Democratic Republic of Congo,COD,2014,4.4143
Democratic Republic of Congo,COD,2015,3.9027417
Democratic Republic of Congo,COD,2016,4.5219355
Democratic Republic of Congo,COD,2017,4.3110332
Denmark,DNK,2005,8.0189342
Denmark,DNK,2007,7.8342333
Denmark,DNK,2008,7.970892
Denmark,DNK,2009,7.6833587
Denmark,DNK,2010,7.7705154
Denmark,DNK,2011,7.7882318
Denmark,DNK,2012,7.5199094
Denmark,DNK,2013,7.5886068
Denmark,DNK,2014,7.5075593
Denmark,DNK,2015,7.5144248
Denmark,DNK,2016,7.5577826
Denmark,DNK,2017,7.5937023
Djibouti,DJI,2008,5.0093303
Djibouti,DJI,2009,4.9059253
Djibouti,DJI,2010,5.0058107
Djibouti,DJI,2011,4.3691936
Dominican Republic,DOM,2006,5.0879679
Dominican Republic,DOM,2007,5.081306
Dominican Republic,DOM,2008,4.8423057
Dominican Republic,DOM,2009,5.4316139
Dominican Republic,DOM,2010,4.7350211
Dominican Republic,DOM,2011,5.3965354
Dominican Republic,DOM,2012,4.7533112
Dominican Republic,DOM,2013,5.0155153
Dominican Republic,DOM,2014,5.387332
Dominican Republic,DOM,2015,5.0618625
Dominican Republic,DOM,2016,5.2386985
Dominican Republic,DOM,2017,5.6052027
Ecuador,ECU,2006,5.0241914
Ecuador,ECU,2007,4.9958754
Ecuador,ECU,2008,5.2965131
Ecuador,ECU,2009,6.0218034
Ecuador,ECU,2010,5.8380513
Ecuador,ECU,2011,5.7950883
Ecuador,ECU,2012,5.9607162
Ecuador,ECU,2013,6.019206
Ecuador,ECU,2014,5.9458518
Ecuador,ECU,2015,5.9640751
Ecuador,ECU,2016,6.1154375
Ecuador,ECU,2017,5.8395185
Egypt,EGY,2005,5.1677542
Egypt,EGY,2007,5.5405107
Egypt,EGY,2008,4.631741
Egypt,EGY,2009,5.0661645
Egypt,EGY,2010,4.6689162
Egypt,EGY,2011,4.1741586
Egypt,EGY,2012,4.2041569
Egypt,EGY,2013,3.5585203
Egypt,EGY,2014,4.8850727
Egypt,EGY,2015,4.7625384
Egypt,EGY,2016,4.5567408
Egypt,EGY,2017,3.9293442
El Salvador,SLV,2006,5.7009296
El Salvador,SLV,2007,5.2955351
El Salvador,SLV,2008,5.191494
El Salvador,SLV,2009,6.839087
El Salvador,SLV,2010,6.7399111
El Salvador,SLV,2011,4.7412949
El Salvador,SLV,2012,5.9343715
El Salvador,SLV,2013,6.3250632
El Salvador,SLV,2014,5.8565235
El Salvador,SLV,2015,6.018496
El Salvador,SLV,2016,6.1398249
El Salvador,SLV,2017,6.3393183
Estonia,EST,2006,5.3710546
Estonia,EST,2007,5.3320441
Estonia,EST,2008,5.4519377
Estonia,EST,2009,5.1377387
Estonia,EST,2011,5.4868197
Estonia,EST,2012,5.3639278
Estonia,EST,2013,5.3674459
Estonia,EST,2014,5.5559826
Estonia,EST,2015,5.6289086
Estonia,EST,2016,5.6496754
Estonia,EST,2017,5.938396
Ethiopia,ETH,2012,4.5611687
Ethiopia,ETH,2013,4.4448271
Ethiopia,ETH,2014,4.5066466
Ethiopia,ETH,2015,4.5731549
Ethiopia,ETH,2016,4.2978487
Ethiopia,ETH,2017,4.1803155
Finland,FIN,2006,7.6724491
Finland,FIN,2008,7.6706266
Finland,FIN,2010,7.3932643
Finland,FIN,2011,7.3542252
Finland,FIN,2012,7.4202094
Finland,FIN,2013,7.4446359
Finland,FIN,2014,7.3845711
Finland,FIN,2015,7.4479256
Finland,FIN,2016,7.6598434
Finland,FIN,2017,7.7882519
France,FRA,2005,7.0933928
France,FRA,2006,6.5827003
France,FRA,2008,7.0080647
France,FRA,2009,6.2834983
France,FRA,2010,6.7979012
France,FRA,2011,6.9591851
France,FRA,2012,6.6493654
France,FRA,2013,6.6671214
France,FRA,2014,6.4668679
France,FRA,2015,6.357625
France,FRA,2016,6.4752088
France,FRA,2017,6.6352224
Gabon,GAB,2011,4.2554007
Gabon,GAB,2012,3.9720592
Gabon,GAB,2013,3.800287
Gabon,GAB,2014,3.9180732
Gabon,GAB,2015,4.6610126
Gabon,GAB,2016,4.8317642
Gabon,GAB,2017,4.782383
Georgia,GEO,2006,3.6751084
Georgia,GEO,2007,3.7071946
Georgia,GEO,2008,4.1560903
Georgia,GEO,2009,3.8006392
Georgia,GEO,2010,4.1018372
Georgia,GEO,2011,4.2030306
Georgia,GEO,2012,4.2544456
Georgia,GEO,2013,4.3489208
Georgia,GEO,2014,4.287508
Georgia,GEO,2015,4.1219406
Georgia,GEO,2016,4.4483862
Georgia,GEO,2017,4.4507747
Germany,DEU,2005,6.6195498
Germany,DEU,2007,6.4168196
Germany,DEU,2008,6.52179
Germany,DEU,2009,6.6414933
Germany,DEU,2010,6.7245312
Germany,DEU,2011,6.6213121
Germany,DEU,2012,6.7023621
Germany,DEU,2013,6.9651251
Germany,DEU,2014,6.9842143
Germany,DEU,2015,7.0371375
Germany,DEU,2016,6.8737631
Germany,DEU,2017,7.0743246
Ghana,GHA,2006,4.5350199
Ghana,GHA,2007,5.2201481
Ghana,GHA,2008,4.9651346
Ghana,GHA,2009,4.1976957
Ghana,GHA,2010,4.6062517
Ghana,GHA,2011,5.6081996
Ghana,GHA,2012,5.0572619
Ghana,GHA,2013,4.9650531
Ghana,GHA,2014,3.8603511
Ghana,GHA,2015,3.9859161
Ghana,GHA,2016,4.5144114
Ghana,GHA,2017,5.4813108
Greece,GRC,2005,6.00631
Greece,GRC,2007,6.6469612
Greece,GRC,2009,6.0385747
Greece,GRC,2010,5.8395586
Greece,GRC,2011,5.3720398
Greece,GRC,2012,5.096354
Greece,GRC,2013,4.7202511
Greece,GRC,2014,4.756237
Greece,GRC,2015,5.622519
Greece,GRC,2016,5.3026195
Greece,GRC,2017,5.1482415
Guatemala,GTM,2006,5.9014292
Guatemala,GTM,2007,6.3295813
Guatemala,GTM,2008,6.4144945
Guatemala,GTM,2009,6.4519162
Guatemala,GTM,2010,6.2897487
Guatemala,GTM,2011,5.7433538
Guatemala,GTM,2012,5.8557172
Guatemala,GTM,2013,5.9846015
Guatemala,GTM,2014,6.5360308
Guatemala,GTM,2015,6.4649868
Guatemala,GTM,2016,6.3589163
Guatemala,GTM,2017,6.3251185
Guinea,GIN,2011,4.0445695
Guinea,GIN,2012,3.6515548
Guinea,GIN,2013,3.901793
Guinea,GIN,2014,3.4124825
Guinea,GIN,2015,3.5046935
Guinea,GIN,2016,3.6028547
Guinea,GIN,2017,4.8737226
Guyana,GUY,2007,5.9928265
Haiti,HTI,2006,3.7541561
Haiti,HTI,2008,3.8463292
Haiti,HTI,2010,3.7659988
Haiti,HTI,2011,4.844574
Haiti,HTI,2012,4.413475
Haiti,HTI,2013,4.6219621
Haiti,HTI,2014,3.8887784
Haiti,HTI,2015,3.5697625
Haiti,HTI,2016,3.3523002
Haiti,HTI,2017,3.8238657
Honduras,HND,2006,5.3965197
Honduras,HND,2007,5.0971541
Honduras,HND,2008,5.420331
Honduras,HND,2009,6.0331893
Honduras,HND,2010,5.8661313
Honduras,HND,2011,4.9610314
Honduras,HND,2012,4.6022182
Honduras,HND,2013,4.7133584
Honduras,HND,2014,5.0557261
Honduras,HND,2015,4.8454366
Honduras,HND,2016,5.6481547
Honduras,HND,2017,6.0199857
Hong Kong,HKG,2006,5.5111871
Hong Kong,HKG,2008,5.1372619
Hong Kong,HKG,2009,5.3970556
Hong Kong,HKG,2010,5.6428347
Hong Kong,HKG,2011,5.4740109
Hong Kong,HKG,2012,5.4837646
Hong Kong,HKG,2014,5.4580507
Hong Kong,HKG,2016,5.4984207
Hong Kong,HKG,2017,5.3624749
Hungary,HUN,2005,5.1939335
Hungary,HUN,2007,4.953917
Hungary,HUN,2009,4.8946004
Hungary,HUN,2010,4.7251325
Hungary,HUN,2011,4.9176025
Hungary,HUN,2012,4.6833582
Hungary,HUN,2013,4.9144669
Hungary,HUN,2014,5.1805634
Hungary,HUN,2015,5.3443832
Hungary,HUN,2016,5.4489017
Hungary,HUN,2017,6.0650387
Iceland,ISL,2008,6.8882842
Iceland,ISL,2012,7.5906601
Iceland,ISL,2013,7.5013943
Iceland,ISL,2015,7.4980707
Iceland,ISL,2016,7.5100346
Iceland,ISL,2017,7.4762139
India,IND,2006,5.348259
India,IND,2007,5.0267935
India,IND,2008,5.145833
India,IND,2009,4.5215178
India,IND,2010,4.9892774
India,IND,2011,4.6348715
India,IND,2012,4.7201467
India,IND,2013,4.4277887
India,IND,2014,4.4243793
India,IND,2015,4.3420792
India,IND,2016,4.1791773
India,IND,2017,4.0461111
Indonesia,IDN,2006,4.9469781
Indonesia,IDN,2007,5.1012139
Indonesia,IDN,2008,4.8153095
Indonesia,IDN,2009,5.4723611
Indonesia,IDN,2010,5.4572992
Indonesia,IDN,2011,5.1726084
Indonesia,IDN,2012,5.367774
Indonesia,IDN,2013,5.2922378
Indonesia,IDN,2014,5.5973754
Indonesia,IDN,2015,5.0427999
Indonesia,IDN,2016,5.1363254
Indonesia,IDN,2017,5.0984015
Iran,IRN,2005,5.3081903
Iran,IRN,2007,5.3363714
Iran,IRN,2008,5.1289883
Iran,IRN,2011,4.7675071
Iran,IRN,2012,4.6089277
Iran,IRN,2013,5.1395793
Iran,IRN,2014,4.6822243
Iran,IRN,2015,4.7499557
Iran,IRN,2016,4.6527309
Iran,IRN,2017,4.716783
Iraq,IRQ,2008,4.5898447
Iraq,IRQ,2009,4.7753167
Iraq,IRQ,2010,5.0654621
Iraq,IRQ,2011,4.7253661
Iraq,IRQ,2012,4.6595087
Iraq,IRQ,2013,4.7250171
Iraq,IRQ,2014,4.5415025
Iraq,IRQ,2015,4.4933772
Iraq,IRQ,2016,4.4125371
Iraq,IRQ,2017,4.462399
Ireland,IRL,2006,7.1442466
Ireland,IRL,2008,7.5680299
Ireland,IRL,2009,7.0459113
Ireland,IRL,2010,7.2573895
Ireland,IRL,2011,7.0069041
Ireland,IRL,2012,6.9646454
Ireland,IRL,2013,6.7600851
Ireland,IRL,2014,7.0183792
Ireland,IRL,2015,6.8301253
Ireland,IRL,2016,7.0407314
Ireland,IRL,2017,7.0601554
Israel,ISR,2006,7.1734171
Israel,ISR,2007,6.841115
Israel,ISR,2008,7.2612615
Israel,ISR,2009,7.3529792
Israel,ISR,2010,7.3589163
Israel,ISR,2011,7.4331479
Israel,ISR,2012,7.1108546
Israel,ISR,2013,7.3205633
Israel,ISR,2014,7.4005704
Israel,ISR,2015,7.079411
Israel,ISR,2016,7.1590109
Israel,ISR,2017,7.3310361
Italy,ITA,2005,6.8537836
Italy,ITA,2007,6.5744123
Italy,ITA,2008,6.7797742
Italy,ITA,2009,6.3338003
Italy,ITA,2010,6.354238
Italy,ITA,2011,6.0570865
Italy,ITA,2012,5.839314
Italy,ITA,2013,6.0093737
Italy,ITA,2014,6.0265851
Italy,ITA,2015,5.8476839
Italy,ITA,2016,5.954524
Italy,ITA,2017,6.1988702
Jamaica,JAM,2006,6.2078819
Jamaica,JAM,2011,5.3744464
Jamaica,JAM,2013,5.7088866
Jamaica,JAM,2014,5.3105388
Jamaica,JAM,2017,5.8897591
Japan,JPN,2005,6.5158172
Japan,JPN,2007,6.2381978
Japan,JPN,2008,5.9106793
Japan,JPN,2009,5.8449993
Japan,JPN,2010,6.0567527
Japan,JPN,2011,6.2627935
Japan,JPN,2012,5.9682164
Japan,JPN,2013,5.9593616
Japan,JPN,2014,5.9226208
Japan,JPN,2015,5.8796844
Japan,JPN,2016,5.9546509
Japan,JPN,2017,5.9106765
Jordan,JOR,2005,6.2946601
Jordan,JOR,2007,5.5980573
Jordan,JOR,2008,4.930058
Jordan,JOR,2009,5.9998593
Jordan,JOR,2010,5.5699425
Jordan,JOR,2011,5.5393276
Jordan,JOR,2012,5.1319962
Jordan,JOR,2013,5.1719527
Jordan,JOR,2014,5.3330216
Jordan,JOR,2015,5.4045935
Jordan,JOR,2016,5.2712846
Jordan,JOR,2017,4.8080826
Kazakhstan,KAZ,2006,5.4759483
Kazakhstan,KAZ,2007,5.7185535
Kazakhstan,KAZ,2008,5.8864198
Kazakhstan,KAZ,2009,5.3825631
Kazakhstan,KAZ,2010,5.5142865
Kazakhstan,KAZ,2011,5.7356629
Kazakhstan,KAZ,2012,5.7594695
Kazakhstan,KAZ,2013,5.8354831
Kazakhstan,KAZ,2014,5.9700975
Kazakhstan,KAZ,2015,5.949995
Kazakhstan,KAZ,2016,5.5335517
Kazakhstan,KAZ,2017,5.8823514
Kenya,KEN,2006,4.2232342
Kenya,KEN,2007,4.5756578
Kenya,KEN,2008,4.0152745
Kenya,KEN,2009,4.2704349
Kenya,KEN,2010,4.2558594
Kenya,KEN,2011,4.4053102
Kenya,KEN,2012,4.5473351
Kenya,KEN,2013,3.7953832
Kenya,KEN,2014,4.9045796
Kenya,KEN,2015,4.3576179
Kenya,KEN,2016,4.3961277
Kenya,KEN,2017,4.4756541
Kosovo,OWID_KOS,2007,5.1039062
Kosovo,OWID_KOS,2008,5.5216599
Kosovo,OWID_KOS,2009,5.8914328
Kosovo,OWID_KOS,2010,5.1766014
Kosovo,OWID_KOS,2011,4.8595018
Kosovo,OWID_KOS,2012,5.6395884
Kosovo,OWID_KOS,2013,6.1257582
Kosovo,OWID_KOS,2014,5.0003753
Kosovo,OWID_KOS,2015,5.0774608
Kosovo,OWID_KOS,2016,5.7594123
Kosovo,OWID_KOS,2017,6.1492
Kuwait,KWT,2006,6.0755472
Kuwait,KWT,2009,6.5852461
Kuwait,KWT,2010,6.798151
Kuwait,KWT,2011,6.3776994
Kuwait,KWT,2012,6.2210946
Kuwait,KWT,2013,6.480031
Kuwait,KWT,2014,6.1801386
Kuwait,KWT,2015,6.1460319
Kuwait,KWT,2016,5.9471946
Kuwait,KWT,2017,6.0939054
Kyrgyzstan,KGZ,2006,4.6413989
Kyrgyzstan,KGZ,2007,4.6977615
Kyrgyzstan,KGZ,2008,4.736588
Kyrgyzstan,KGZ,2009,5.0690536
Kyrgyzstan,KGZ,2010,4.9964108
Kyrgyzstan,KGZ,2011,4.9210491
Kyrgyzstan,KGZ,2012,5.2077856
Kyrgyzstan,KGZ,2013,5.4024267
Kyrgyzstan,KGZ,2014,5.252193
Kyrgyzstan,KGZ,2015,4.905376
Kyrgyzstan,KGZ,2016,4.856534
Kyrgyzstan,KGZ,2017,5.6295366
Laos,LAO,2006,5.0762258
Laos,LAO,2007,5.3638549
Laos,LAO,2008,5.0440989
Laos,LAO,2011,4.7037497
Laos,LAO,2012,4.8760848
Laos,LAO,2017,4.6231408
Latvia,LVA,2006,4.7095022
Latvia,LVA,2007,4.6669717
Latvia,LVA,2008,5.1453753
Latvia,LVA,2009,4.6689105
Latvia,LVA,2011,4.9668117
Latvia,LVA,2012,5.1250253
Latvia,LVA,2013,5.0697703
Latvia,LVA,2014,5.7291155
Latvia,LVA,2015,5.8805976
Latvia,LVA,2016,5.9404464
Latvia,LVA,2017,5.9778175
Lebanon,LBN,2005,5.4912453
Lebanon,LBN,2006,4.6531038
Lebanon,LBN,2008,4.594851
Lebanon,LBN,2009,5.2059989
Lebanon,LBN,2010,5.0318995
Lebanon,LBN,2011,5.1875715
Lebanon,LBN,2012,4.572567
Lebanon,LBN,2013,4.9832888
Lebanon,LBN,2014,5.2330256
Lebanon,LBN,2015,5.1719713
Lebanon,LBN,2016,5.2707238
Lebanon,LBN,2017,5.1539898
Lesotho,LSO,2011,4.8975148
Lesotho,LSO,2016,3.8082049
Liberia,LBR,2007,3.7014012
Liberia,LBR,2008,4.221354
Liberia,LBR,2010,4.196063
Liberia,LBR,2014,4.5714192
Liberia,LBR,2015,2.7015913
Liberia,LBR,2016,3.354676
Liberia,LBR,2017,4.4244909
Libya,LBY,2012,5.7543941
Libya,LBY,2015,5.6154046
Libya,LBY,2016,5.4335833
Libya,LBY,2017,5.6468525
Lithuania,LTU,2006,5.954443
Lithuania,LTU,2007,5.8082848
Lithuania,LTU,2008,5.553926
Lithuania,LTU,2009,5.4669209
Lithuania,LTU,2010,5.065825
Lithuania,LTU,2011,5.4324374
Lithuania,LTU,2012,5.7710371
Lithuania,LTU,2013,5.5956893
Lithuania,LTU,2014,6.1257238
Lithuania,LTU,2015,5.7113781
Lithuania,LTU,2016,5.8655524
Lithuania,LTU,2017,6.2729406
Luxembourg,LUX,2009,6.9579201
Luxembourg,LUX,2010,7.0972519
Luxembourg,LUX,2011,7.1014004
Luxembourg,LUX,2012,6.964097
Luxembourg,LUX,2013,7.1308093
Luxembourg,LUX,2014,6.8911271
Luxembourg,LUX,2015,6.7015715
Luxembourg,LUX,2016,6.9673409
Luxembourg,LUX,2017,7.0613809
Macedonia,MKD,2007,4.4935985
Macedonia,MKD,2009,4.4280219
Macedonia,MKD,2010,4.180202
Macedonia,MKD,2011,4.89818
Macedonia,MKD,2012,4.6396475
Macedonia,MKD,2013,5.1861906
Macedonia,MKD,2014,5.203826
Macedonia,MKD,2015,4.9755898
Macedonia,MKD,2016,5.345746
Macedonia,MKD,2017,5.2338667
Madagascar,MDG,2006,3.9797513
Madagascar,MDG,2008,4.640079
Madagascar,MDG,2011,4.3814154
Madagascar,MDG,2012,3.5506096
Madagascar,MDG,2013,3.8156071
Madagascar,MDG,2014,3.675627
Madagascar,MDG,2015,3.592514
Madagascar,MDG,2016,3.6630859
Madagascar,MDG,2017,4.0786204
Malawi,MWI,2006,3.8298681
Malawi,MWI,2007,4.8910365
Malawi,MWI,2009,5.1482396
Malawi,MWI,2011,3.9460626
Malawi,MWI,2012,4.2792697
Malawi,MWI,2013,4.0350842
Malawi,MWI,2014,4.5630803
Malawi,MWI,2015,3.8676383
Malawi,MWI,2016,3.4764926
Malawi,MWI,2017,3.416863
Malaysia,MYS,2006,6.0117168
Malaysia,MYS,2007,6.2389045
Malaysia,MYS,2008,5.8067818
Malaysia,MYS,2009,5.3847017
Malaysia,MYS,2010,5.5802817
Malaysia,MYS,2011,5.7863674
Malaysia,MYS,2012,5.9142838
Malaysia,MYS,2013,5.7701998
Malaysia,MYS,2014,5.9629216
Malaysia,MYS,2015,6.3221211
Mali,MLI,2006,4.0140758
Mali,MLI,2008,4.1146641
Mali,MLI,2009,3.9765985
Mali,MLI,2010,3.762305
Mali,MLI,2011,4.6668329
Mali,MLI,2012,4.3130169
Mali,MLI,2013,3.6762772
Mali,MLI,2014,3.9747143
Mali,MLI,2015,4.5820985
Mali,MLI,2016,4.0160279
Mali,MLI,2017,4.7418504
Malta,MLT,2009,6.3276396
Malta,MLT,2010,5.7738748
Malta,MLT,2011,6.1547184
Malta,MLT,2012,5.962872
Malta,MLT,2013,6.3799248
Malta,MLT,2014,6.4521179
Malta,MLT,2015,6.6133943
Malta,MLT,2016,6.5908422
Malta,MLT,2017,6.6756659
Mauritania,MRT,2007,4.1490431
Mauritania,MRT,2008,4.248075
Mauritania,MRT,2009,4.5004315
Mauritania,MRT,2010,4.7723069
Mauritania,MRT,2011,4.7848043
Mauritania,MRT,2012,4.6732039
Mauritania,MRT,2013,4.1990151
Mauritania,MRT,2014,4.4828053
Mauritania,MRT,2015,3.9226642
Mauritania,MRT,2016,4.4721494
Mauritania,MRT,2017,4.6781597
Mauritius,MUS,2011,5.4770732
Mauritius,MUS,2014,5.6477799
Mauritius,MUS,2016,5.6100035
Mauritius,MUS,2017,6.1741176
Mexico,MEX,2005,6.580658
Mexico,MEX,2007,6.5253782
Mexico,MEX,2008,6.8290362
Mexico,MEX,2009,6.9628191
Mexico,MEX,2010,6.8023887
Mexico,MEX,2011,6.9095154
Mexico,MEX,2012,7.3201852
Mexico,MEX,2013,7.4425464
Mexico,MEX,2014,6.679831
Mexico,MEX,2015,6.2362871
Mexico,MEX,2016,6.824173
Mexico,MEX,2017,6.4102993
Moldova,MDA,2006,5.1020713
Moldova,MDA,2007,4.7749181
Moldova,MDA,2008,5.5027561
Moldova,MDA,2009,5.5543742
Moldova,MDA,2010,5.5897365
Moldova,MDA,2011,5.7922626
Moldova,MDA,2012,5.9957128
Moldova,MDA,2013,5.7560592
Moldova,MDA,2014,5.9170585
Moldova,MDA,2015,6.0174723
Moldova,MDA,2016,5.5777841
Moldova,MDA,2017,5.3255305
Mongolia,MNG,2007,4.6090593
Mongolia,MNG,2008,4.49301
Mongolia,MNG,2010,4.5855236
Mongolia,MNG,2011,5.0311737
Mongolia,MNG,2012,4.8851504
Mongolia,MNG,2013,4.9129281
Mongolia,MNG,2014,4.8248348
Mongolia,MNG,2015,4.9827199
Mongolia,MNG,2016,5.0569997
Mongolia,MNG,2017,5.3338504
Montenegro,MNE,2007,5.1963153
Montenegro,MNE,2009,4.8010602
Montenegro,MNE,2010,5.4550304
Montenegro,MNE,2011,5.2231169
Montenegro,MNE,2012,5.2187243
Montenegro,MNE,2013,5.0743418
Montenegro,MNE,2014,5.2827206
Montenegro,MNE,2015,5.1249213
Montenegro,MNE,2016,5.3040662
Montenegro,MNE,2017,5.6147985
Morocco,MAR,2010,4.3832474
Morocco,MAR,2011,5.0849729
Morocco,MAR,2012,4.9696565
Morocco,MAR,2013,5.1421604
Morocco,MAR,2015,5.163157
Morocco,MAR,2016,5.3863072
Morocco,MAR,2017,5.3124828
Mozambique,MOZ,2006,4.5948796
Mozambique,MOZ,2007,4.8326349
Mozambique,MOZ,2008,4.653583
Mozambique,MOZ,2011,4.9711118
Mozambique,MOZ,2015,4.5497675
Mozambique,MOZ,2017,4.2798634
Myanmar,MMR,2012,4.4389396
Myanmar,MMR,2013,4.1756706
Myanmar,MMR,2014,4.7862473
Myanmar,MMR,2015,4.2238464
Myanmar,MMR,2016,4.6231198
Myanmar,MMR,2017,4.1543417
Namibia,NAM,2007,4.8855872
Namibia,NAM,2014,4.5739913
Namibia,NAM,2017,4.4413061
Nepal,NPL,2006,4.5665946
Nepal,NPL,2007,4.7482843
Nepal,NPL,2008,4.4405265
Nepal,NPL,2009,4.9168682
Nepal,NPL,2010,4.3496752
Nepal,NPL,2011,3.8094447
Nepal,NPL,2012,4.2332449
Nepal,NPL,2013,4.6045766
Nepal,NPL,2014,4.9750147
Nepal,NPL,2015,4.8124366
Nepal,NPL,2016,5.0995398
Nepal,NPL,2017,4.7366924
Netherlands,NLD,2005,7.4639792
Netherlands,NLD,2007,7.4518795
Netherlands,NLD,2008,7.631012
Netherlands,NLD,2010,7.5018759
Netherlands,NLD,2011,7.563798
Netherlands,NLD,2012,7.4707155
Netherlands,NLD,2013,7.4065504
Netherlands,NLD,2014,7.3211884
Netherlands,NLD,2015,7.3244371
Netherlands,NLD,2016,7.5408773
Netherlands,NLD,2017,7.4589653
New Zealand,NZL,2006,7.3050141
New Zealand,NZL,2007,7.6041732
New Zealand,NZL,2008,7.3811707
New Zealand,NZL,2010,7.2237563
New Zealand,NZL,2011,7.1906381
New Zealand,NZL,2012,7.24963
New Zealand,NZL,2013,7.2801518
New Zealand,NZL,2014,7.3058925
New Zealand,NZL,2015,7.4181209
New Zealand,NZL,2016,7.225688
New Zealand,NZL,2017,7.3271828
Nicaragua,NIC,2006,4.4601583
Nicaragua,NIC,2007,4.9440908
Nicaragua,NIC,2008,5.1038275
Nicaragua,NIC,2009,5.3528047
Nicaragua,NIC,2010,5.6866994
Nicaragua,NIC,2011,5.3857055
Nicaragua,NIC,2012,5.4480062
Nicaragua,NIC,2013,5.772275
Nicaragua,NIC,2014,6.2752666
Nicaragua,NIC,2015,5.9241128
Nicaragua,NIC,2016,6.0127397
Nicaragua,NIC,2017,6.4763565
Niger,NER,2006,3.7369518
Niger,NER,2007,4.2774024
Niger,NER,2008,4.2356572
Niger,NER,2009,4.26717
Niger,NER,2010,4.101016
Niger,NER,2011,4.5558295
Niger,NER,2012,3.7980883
Niger,NER,2013,3.7163298
Niger,NER,2014,4.1809435
Niger,NER,2015,3.6714537
Niger,NER,2016,4.2346458
Niger,NER,2017,4.6156735
Nigeria,NGA,2006,4.7097459
Nigeria,NGA,2007,4.8904195
Nigeria,NGA,2008,4.9385605
Nigeria,NGA,2009,4.9802203
Nigeria,NGA,2010,4.7602758
Nigeria,NGA,2012,5.4929543
Nigeria,NGA,2013,4.8178687
Nigeria,NGA,2015,4.9329147
Nigeria,NGA,2016,5.2195678
Nigeria,NGA,2017,5.321928
Northern Cyprus,OWID_CYN,2012,5.4633055
Northern Cyprus,OWID_CYN,2013,5.5668025
Northern Cyprus,OWID_CYN,2014,5.7859788
Northern Cyprus,OWID_CYN,2015,5.8425503
Northern Cyprus,OWID_CYN,2016,5.8271279
Norway,NOR,2006,7.4156823
Norway,NOR,2008,7.6322875
Norway,NOR,2012,7.678277
Norway,NOR,2014,7.4444709
Norway,NOR,2015,7.6034336
Norway,NOR,2016,7.5963316
Norway,NOR,2017,7.5787449
Oman,OMN,2011,6.852982
Pakistan,PAK,2005,5.2246575
Pakistan,PAK,2007,5.6714606
Pakistan,PAK,2008,4.413919
Pakistan,PAK,2009,5.2081466
Pakistan,PAK,2010,5.7861328
Pakistan,PAK,2011,5.2671862
Pakistan,PAK,2012,5.1315651
Pakistan,PAK,2013,5.1380825
Pakistan,PAK,2014,5.435658
Pakistan,PAK,2015,4.823195
Pakistan,PAK,2016,5.5485082
Pakistan,PAK,2017,5.8308706
Palestine,PSE,2006,4.7163877
Palestine,PSE,2007,4.1510539
Palestine,PSE,2008,4.3856034
Palestine,PSE,2009,4.4701915
Palestine,PSE,2010,4.7026038
Palestine,PSE,2011,4.7512197
Palestine,PSE,2012,4.6466084
Palestine,PSE,2013,4.844028
Palestine,PSE,2014,4.7219381
Palestine,PSE,2015,4.6952391
Palestine,PSE,2016,4.9066181
Palestine,PSE,2017,4.6281328
Panama,PAN,2006,6.1279883
Panama,PAN,2007,6.8941398
Panama,PAN,2008,6.9309034
Panama,PAN,2009,7.03374
Panama,PAN,2010,7.3214674
Panama,PAN,2011,7.2480807
Panama,PAN,2012,6.8598356
Panama,PAN,2013,6.8664804
Panama,PAN,2014,6.6311712
Panama,PAN,2015,6.6055503
Panama,PAN,2016,6.1176381
Panama,PAN,2017,6.5676589
Paraguay,PRY,2006,4.730082
Paraguay,PRY,2007,5.2724614
Paraguay,PRY,2008,5.5700617
Paraguay,PRY,2009,5.5761471
Paraguay,PRY,2010,5.8411741
Paraguay,PRY,2011,5.6770806
Paraguay,PRY,2012,5.8200583
Paraguay,PRY,2013,5.9362407
Paraguay,PRY,2014,5.1186419
Paraguay,PRY,2015,5.5597243
Paraguay,PRY,2016,5.8013802
Peru,PER,2006,4.8108454
Peru,PER,2007,5.2139621
Peru,PER,2008,5.129231
Peru,PER,2009,5.518847
Peru,PER,2010,5.6127853
Peru,PER,2011,5.8924575
Peru,PER,2012,5.8245573
Peru,PER,2013,5.7825575
Peru,PER,2014,5.8658156
Peru,PER,2015,5.5772634
Peru,PER,2016,5.7006288
Peru,PER,2017,5.7109365
Philippines,PHL,2006,4.6699457
Philippines,PHL,2007,5.0735621
Philippines,PHL,2008,4.5890651
Philippines,PHL,2009,4.8799109
Philippines,PHL,2010,4.941514
Philippines,PHL,2011,4.9939566
Philippines,PHL,2012,5.001965
Philippines,PHL,2013,4.9769254
Philippines,PHL,2014,5.3125501
Philippines,PHL,2015,5.5474892
Philippines,PHL,2016,5.4308329
Philippines,PHL,2017,5.5942702
Poland,POL,2005,5.5872092
Poland,POL,2007,5.8861375
Poland,POL,2009,5.7720275
Poland,POL,2010,5.8870296
Poland,POL,2011,5.6462049
Poland,POL,2012,5.8759317
Poland,POL,2013,5.7461319
Poland,POL,2014,5.7502823
Poland,POL,2015,6.0070219
Poland,POL,2016,6.1620765
Poland,POL,2017,6.2012682
Portugal,PRT,2006,5.4052463
Portugal,PRT,2008,5.7169666
Portugal,PRT,2010,5.0945258
Portugal,PRT,2011,5.2199979
Portugal,PRT,2012,4.9939623
Portugal,PRT,2013,5.1576881
Portugal,PRT,2014,5.1269116
Portugal,PRT,2015,5.0808663
Portugal,PRT,2016,5.4466372
Portugal,PRT,2017,5.7114992
Qatar,QAT,2009,6.4178243
Qatar,QAT,2010,6.8496528
Qatar,QAT,2011,6.5916042
Qatar,QAT,2012,6.6112986
Qatar,QAT,2015,6.3745294
Romania,ROU,2005,5.0486484
Romania,ROU,2007,5.393724
Romania,ROU,2009,5.3675652
Romania,ROU,2010,4.9091659
Romania,ROU,2011,5.0227575
Romania,ROU,2012,5.1668749
Romania,ROU,2013,5.0815845
Romania,ROU,2014,5.7268934
Romania,ROU,2015,5.7774911
Romania,ROU,2016,5.9688706
Romania,ROU,2017,6.0899048
Russia,RUS,2006,4.9637427
Russia,RUS,2007,5.2228675
Russia,RUS,2008,5.6187539
Russia,RUS,2009,5.1582279
Russia,RUS,2010,5.3847733
Russia,RUS,2011,5.3887663
Russia,RUS,2012,5.6207356
Russia,RUS,2013,5.5371776
Russia,RUS,2014,6.0369768
Russia,RUS,2015,5.9955387
Russia,RUS,2016,5.8549457
Russia,RUS,2017,5.578743
Rwanda,RWA,2006,4.2147036
Rwanda,RWA,2008,4.3629889
Rwanda,RWA,2009,4.0297618
Rwanda,RWA,2011,4.097436
Rwanda,RWA,2012,3.3330479
Rwanda,RWA,2013,3.4663877
Rwanda,RWA,2014,3.5956783
Rwanda,RWA,2015,3.483109
Rwanda,RWA,2016,3.3329899
Saudi Arabia,SAU,2005,7.0796442
Saudi Arabia,SAU,2007,7.2666941
Saudi Arabia,SAU,2008,6.8113704
Saudi Arabia,SAU,2009,6.1475902
Saudi Arabia,SAU,2010,6.3070984
Saudi Arabia,SAU,2011,6.6997895
Saudi Arabia,SAU,2012,6.3963594
Saudi Arabia,SAU,2013,6.4951329
Saudi Arabia,SAU,2014,6.278378
Saudi Arabia,SAU,2015,6.3454919
Saudi Arabia,SAU,2016,6.4739213
Saudi Arabia,SAU,2017,6.2942824
Senegal,SEN,2006,4.4173527
Senegal,SEN,2007,4.679987
Senegal,SEN,2008,4.6834998
Senegal,SEN,2009,4.335114
Senegal,SEN,2010,4.3721561
Senegal,SEN,2011,3.8342016
Senegal,SEN,2012,3.6687369
Senegal,SEN,2013,3.647367
Senegal,SEN,2014,4.3947773
Senegal,SEN,2015,4.6170006
Senegal,SEN,2016,4.5945339
Senegal,SEN,2017,4.6830249
Serbia,SRB,2007,4.7503839
Serbia,SRB,2009,4.380312
Serbia,SRB,2010,4.4613042
Serbia,SRB,2011,4.8151865
Serbia,SRB,2012,5.1545219
Serbia,SRB,2013,5.1018405
Serbia,SRB,2014,5.1127286
Serbia,SRB,2015,5.3176851
Serbia,SRB,2016,5.7527547
Serbia,SRB,2017,5.1220312
Sierra Leone,SLE,2006,3.628185
Sierra Leone,SLE,2007,3.5851274
Sierra Leone,SLE,2008,2.997251
Sierra Leone,SLE,2010,4.133956
Sierra Leone,SLE,2011,4.5016437
Sierra Leone,SLE,2013,4.5142913
Sierra Leone,SLE,2014,4.4999704
Sierra Leone,SLE,2015,4.908618
Sierra Leone,SLE,2016,4.7329531
Sierra Leone,SLE,2017,4.0895624
Singapore,SGP,2006,6.4627028
Singapore,SGP,2007,6.8337545
Singapore,SGP,2008,6.6419568
Singapore,SGP,2009,6.1446767
Singapore,SGP,2010,6.5314016
Singapore,SGP,2011,6.5610418
Singapore,SGP,2013,6.5332069
Singapore,SGP,2014,7.0623646
Singapore,SGP,2015,6.619525
Singapore,SGP,2016,6.0334806
Singapore,SGP,2017,6.378438
Slovakia,SVK,2006,5.2646766
Slovakia,SVK,2010,6.0522232
Slovakia,SVK,2011,5.9450483
Slovakia,SVK,2012,5.9110594
Slovakia,SVK,2013,5.9365273
Slovakia,SVK,2014,6.1388731
Slovakia,SVK,2015,6.1620045
Slovakia,SVK,2016,5.9931631
Slovakia,SVK,2017,6.365509
Slovenia,SVN,2006,5.8112645
Slovenia,SVN,2009,5.8301606
Slovenia,SVN,2010,6.0825553
Slovenia,SVN,2011,6.035964
Slovenia,SVN,2012,6.062891
Slovenia,SVN,2013,5.9748888
Slovenia,SVN,2014,5.6783953
Slovenia,SVN,2015,5.7406421
Slovenia,SVN,2016,5.9368215
Slovenia,SVN,2017,6.1668377
Somalia,SOM,2014,5.5282726
Somalia,SOM,2015,5.3536448
Somalia,SOM,2016,4.6679411
Somaliland region,,2009,4.9913998
Somaliland region,,2010,4.6573634
Somaliland region,,2011,4.9305716
Somaliland region,,2012,5.0573144
South Africa,ZAF,2006,5.0839868
South Africa,ZAF,2007,5.2044544
South Africa,ZAF,2008,5.3463068
South Africa,ZAF,2009,5.218431
South Africa,ZAF,2010,4.6524286
South Africa,ZAF,2011,4.9305115
South Africa,ZAF,2012,5.1338878
South Africa,ZAF,2013,3.6607273
South Africa,ZAF,2014,4.8284564
South Africa,ZAF,2015,4.8873258
South Africa,ZAF,2016,4.7697396
South Africa,ZAF,2017,4.5136552
South Korea,KOR,2006,5.3321776
South Korea,KOR,2007,5.7672758
South Korea,KOR,2008,5.3896246
South Korea,KOR,2009,5.6476898
South Korea,KOR,2010,6.1160245
South Korea,KOR,2011,6.946599
South Korea,KOR,2012,6.0032868
South Korea,KOR,2013,5.9588099
South Korea,KOR,2014,5.8013253
South Korea,KOR,2015,5.7802114
South Korea,KOR,2016,5.9705644
South Korea,KOR,2017,5.8738871
South Sudan,SSD,2014,3.8319924
South Sudan,SSD,2015,4.0707712
South Sudan,SSD,2016,2.8881123
South Sudan,SSD,2017,2.8166225
Spain,ESP,2005,7.1527858
Spain,ESP,2007,6.9946146
Spain,ESP,2008,7.2944727
Spain,ESP,2009,6.1986012
Spain,ESP,2010,6.1882625
Spain,ESP,2011,6.518249
Spain,ESP,2012,6.2906904
Spain,ESP,2013,6.1500273
Spain,ESP,2014,6.4564776
Spain,ESP,2015,6.3806634
Spain,ESP,2016,6.3186121
Spain,ESP,2017,6.2301731
Sri Lanka,LKA,2006,4.3446107
Sri Lanka,LKA,2007,4.4148054
Sri Lanka,LKA,2008,4.4308462
Sri Lanka,LKA,2009,4.2120266
Sri Lanka,LKA,2010,3.9769051
Sri Lanka,LKA,2011,4.1805692
Sri Lanka,LKA,2012,4.2245932
Sri Lanka,LKA,2013,4.3646941
Sri Lanka,LKA,2014,4.2679329
Sri Lanka,LKA,2015,4.6116066
Sri Lanka,LKA,2017,4.3309455
Sudan,SDN,2009,4.4549174
Sudan,SDN,2010,4.4351597
Sudan,SDN,2011,4.3144565
Sudan,SDN,2012,4.5504994
Sudan,SDN,2014,4.1386728
Suriname,SUR,2012,6.2692866
Swaziland,SWZ,2011,4.8670912
Sweden,SWE,2005,7.3763156
Sweden,SWE,2007,7.2413626
Sweden,SWE,2008,7.5159974
Sweden,SWE,2009,7.2659774
Sweden,SWE,2010,7.4960189
Sweden,SWE,2011,7.3822322
Sweden,SWE,2012,7.5601478
Sweden,SWE,2013,7.4340105
Sweden,SWE,2014,7.2391477
Sweden,SWE,2015,7.2889223
Sweden,SWE,2016,7.3687444
Sweden,SWE,2017,7.2868047
Switzerland,CHE,2006,7.4732528
Switzerland,CHE,2009,7.5245209
Switzerland,CHE,2012,7.7762089
Switzerland,CHE,2014,7.4928036
Switzerland,CHE,2015,7.5721369
Switzerland,CHE,2016,7.4585199
Switzerland,CHE,2017,7.4735932
Syria,SYR,2008,5.3233323
Syria,SYR,2009,4.9789705
Syria,SYR,2010,4.4647079
Syria,SYR,2011,4.0378895
Syria,SYR,2012,3.1644912
Syria,SYR,2013,2.6875529
Syria,SYR,2015,3.4619129
Taiwan,TWN,2006,6.1890502
Taiwan,TWN,2008,5.5476823
Taiwan,TWN,2010,6.2285309
Taiwan,TWN,2011,6.3089151
Taiwan,TWN,2012,6.125917
Taiwan,TWN,2013,6.3403444
Taiwan,TWN,2014,6.3634968
Taiwan,TWN,2015,6.450088
Taiwan,TWN,2016,6.5128508
Taiwan,TWN,2017,6.3594508
Tajikistan,TJK,2006,4.6130991
Tajikistan,TJK,2007,4.4316087
Tajikistan,TJK,2008,5.0639868
Tajikistan,TJK,2009,4.5751748
Tajikistan,TJK,2010,4.3806362
Tajikistan,TJK,2011,4.2626715
Tajikistan,TJK,2012,4.4965715
Tajikistan,TJK,2013,4.9665213
Tajikistan,TJK,2014,4.8961577
Tajikistan,TJK,2015,5.1242108
Tajikistan,TJK,2016,5.1037211
Tajikistan,TJK,2017,5.8292341
Tanzania,TZA,2006,3.9224842
Tanzania,TZA,2007,4.3179498
Tanzania,TZA,2008,4.3847418
Tanzania,TZA,2009,3.4075079
Tanzania,TZA,2010,3.2291291
Tanzania,TZA,2011,4.0735621
Tanzania,TZA,2012,4.0068974
Tanzania,TZA,2013,3.8523948
Tanzania,TZA,2014,3.4832785
Tanzania,TZA,2015,3.6605973
Tanzania,TZA,2016,2.9027343
Tanzania,TZA,2017,3.3471212
Thailand,THA,2006,5.8854327
Thailand,THA,2007,5.7838912
Thailand,THA,2008,5.6364713
Thailand,THA,2009,5.4756451
Thailand,THA,2010,6.2167029
Thailand,THA,2011,6.663609
Thailand,THA,2012,6.3002353
Thailand,THA,2013,6.2310247
Thailand,THA,2014,6.9854636
Thailand,THA,2015,6.2017627
Thailand,THA,2016,6.0736399
Thailand,THA,2017,5.9388952
Togo,TGO,2006,3.2024293
Togo,TGO,2008,2.8078551
Togo,TGO,2011,2.9362209
Togo,TGO,2014,2.8389587
Togo,TGO,2015,3.768302
Togo,TGO,2016,3.8785784
Togo,TGO,2017,4.360805
Trinidad and Tobago,TTO,2006,5.8321886
Trinidad and Tobago,TTO,2008,6.696444
Trinidad and Tobago,TTO,2011,6.5187459
Trinidad and Tobago,TTO,2013,6.167707
Trinidad and Tobago,TTO,2017,6.1918597
Tunisia,TUN,2009,5.0254703
Tunisia,TUN,2010,5.1305208
Tunisia,TUN,2011,4.876482
Tunisia,TUN,2012,4.463531
Tunisia,TUN,2013,5.245605
Tunisia,TUN,2014,4.7635946
Tunisia,TUN,2015,5.1316118
Tunisia,TUN,2016,4.5214534
Tunisia,TUN,2017,4.1243429
Turkey,TUR,2005,4.7187338
Turkey,TUR,2007,5.6234717
Turkey,TUR,2008,5.1182318
Turkey,TUR,2009,5.2128415
Turkey,TUR,2010,5.4903474
Turkey,TUR,2011,5.271944
Turkey,TUR,2012,5.3090763
Turkey,TUR,2013,4.8881774
Turkey,TUR,2014,5.5797944
Turkey,TUR,2015,5.5144653
Turkey,TUR,2016,5.3262219
Turkey,TUR,2017,5.6072621
Turkmenistan,TKM,2009,6.5677133
Turkmenistan,TKM,2011,5.7917547
Turkmenistan,TKM,2012,5.4638271
Turkmenistan,TKM,2013,5.3917627
Turkmenistan,TKM,2014,5.7873793
Turkmenistan,TKM,2015,5.79146
Turkmenistan,TKM,2016,5.8870516
Turkmenistan,TKM,2017,5.2291489
Uganda,UGA,2006,3.7335839
Uganda,UGA,2007,4.4558387
Uganda,UGA,2008,4.5686193
Uganda,UGA,2009,4.6119857
Uganda,UGA,2010,4.1928821
Uganda,UGA,2011,4.8260012
Uganda,UGA,2012,4.309238
Uganda,UGA,2013,3.7095788
Uganda,UGA,2014,3.7699192
Uganda,UGA,2015,4.2376866
Uganda,UGA,2016,4.2332611
Uganda,UGA,2017,4.0005169
Ukraine,UKR,2006,4.8039541
Ukraine,UKR,2007,5.2521815
Ukraine,UKR,2008,5.1723804
Ukraine,UKR,2009,5.1656394
Ukraine,UKR,2010,5.0575614
Ukraine,UKR,2011,5.0831327
Ukraine,UKR,2012,5.0303421
Ukraine,UKR,2013,4.7108026
Ukraine,UKR,2014,4.2973299
Ukraine,UKR,2015,3.9645429
Ukraine,UKR,2016,4.0286903
Ukraine,UKR,2017,4.3110671
United Arab Emirates,ARE,2006,6.7342219
United Arab Emirates,ARE,2009,6.8660626
United Arab Emirates,ARE,2010,7.0974555
United Arab Emirates,ARE,2011,7.1187015
United Arab Emirates,ARE,2012,7.2177668
United Arab Emirates,ARE,2013,6.6209512
United Arab Emirates,ARE,2014,6.5398545
United Arab Emirates,ARE,2015,6.5683975
United Arab Emirates,ARE,2016,6.8309503
United Arab Emirates,ARE,2017,7.0394197
United Kingdom,GBR,2005,6.9835567
United Kingdom,GBR,2007,6.8019309
United Kingdom,GBR,2008,6.9864635
United Kingdom,GBR,2009,6.9065471
United Kingdom,GBR,2010,7.0293641
United Kingdom,GBR,2011,6.8692489
United Kingdom,GBR,2012,6.880784
United Kingdom,GBR,2013,6.9180551
United Kingdom,GBR,2014,6.7581477
United Kingdom,GBR,2015,6.5154452
United Kingdom,GBR,2016,6.8242836
United Kingdom,GBR,2017,7.1032734
United States,USA,2006,7.1817937
United States,USA,2007,7.5126877
United States,USA,2008,7.280386
United States,USA,2009,7.1580324
United States,USA,2010,7.1636162
United States,USA,2011,7.1151385
United States,USA,2012,7.026227
United States,USA,2013,7.2492852
United States,USA,2014,7.1511145
United States,USA,2015,6.8639469
United States,USA,2016,6.8035998
United States,USA,2017,6.9917593
Uruguay,URY,2006,5.7858682
Uruguay,URY,2007,5.6939459
Uruguay,URY,2008,5.6638699
Uruguay,URY,2009,6.2962227
Uruguay,URY,2010,6.0620108
Uruguay,URY,2011,6.5540471
Uruguay,URY,2012,6.4497285
Uruguay,URY,2013,6.4444647
Uruguay,URY,2014,6.5614438
Uruguay,URY,2015,6.6280804
Uruguay,URY,2016,6.1714854
Uruguay,URY,2017,6.33601
Uzbekistan,UZB,2006,5.2323222
Uzbekistan,UZB,2008,5.3113685
Uzbekistan,UZB,2009,5.2607207
Uzbekistan,UZB,2010,5.0953422
Uzbekistan,UZB,2011,5.7387443
Uzbekistan,UZB,2012,6.0193319
Uzbekistan,UZB,2013,5.9399862
Uzbekistan,UZB,2014,6.0492125
Uzbekistan,UZB,2015,5.9723644
Uzbekistan,UZB,2016,5.892539
Uzbekistan,UZB,2017,6.4214478
Venezuela,VEN,2005,7.169621
Venezuela,VEN,2006,6.525146
Venezuela,VEN,2008,6.2577715
Venezuela,VEN,2009,7.1888032
Venezuela,VEN,2010,7.4784546
Venezuela,VEN,2011,6.5797892
Venezuela,VEN,2012,7.0665774
Venezuela,VEN,2013,6.5527964
Venezuela,VEN,2014,6.1360965
Venezuela,VEN,2015,5.5688004
Venezuela,VEN,2016,4.0411148
Vietnam,VNM,2006,5.2936597
Vietnam,VNM,2007,5.4216876
Vietnam,VNM,2008,5.4804254
Vietnam,VNM,2009,5.3042645
Vietnam,VNM,2010,5.2957807
Vietnam,VNM,2011,5.7673445
Vietnam,VNM,2012,5.5345697
Vietnam,VNM,2013,5.0226989
Vietnam,VNM,2014,5.0849233
Vietnam,VNM,2015,5.0763154
Vietnam,VNM,2016,5.0622673
Vietnam,VNM,2017,5.1752787
Yemen,YEM,2007,4.4771328
Yemen,YEM,2009,4.8092589
Yemen,YEM,2010,4.3503127
Yemen,YEM,2011,3.7462556
Yemen,YEM,2012,4.0606008
Yemen,YEM,2013,4.2176785
Yemen,YEM,2014,3.967958
Yemen,YEM,2015,2.9826739
Yemen,YEM,2016,3.8256309
Yemen,YEM,2017,3.2535601
Zambia,ZMB,2006,4.8244548
Zambia,ZMB,2007,3.9982932
Zambia,ZMB,2008,4.7302632
Zambia,ZMB,2009,5.2603607
Zambia,ZMB,2011,4.9991136
Zambia,ZMB,2012,5.0133748
Zambia,ZMB,2013,5.2439957
Zambia,ZMB,2014,4.3458371
Zambia,ZMB,2015,4.8431644
Zambia,ZMB,2016,4.3475437
Zambia,ZMB,2017,3.9327774
Zimbabwe,ZWE,2006,3.8262684
Zimbabwe,ZWE,2007,3.2802467
Zimbabwe,ZWE,2008,3.1742637
Zimbabwe,ZWE,2009,4.0559144
Zimbabwe,ZWE,2010,4.6815696
Zimbabwe,ZWE,2011,4.8456416
Zimbabwe,ZWE,2012,4.9551005
Zimbabwe,ZWE,2013,4.6901879
Zimbabwe,ZWE,2014,4.1844506
Zimbabwe,ZWE,2015,3.7031913
Zimbabwe,ZWE,2016,3.7354002
Zimbabwe,ZWE,2017,3.6383002